time,open,high,low,close,Volume
2019-12-02,205.11,205.18,201.78,203,28121020
2019-12-03,200.32,201.49,199.23,201.41,31425404
2019-12-04,202.49,202.91,202.14,202.43,15336754
2019-12-05,203.15,203.15,201.84,202.83,15038785
2019-12-06,204.25,205.145,204.1501,205,16562247
2019-12-09,204.63,205.5937,203.98,204.07,14032175
2019-12-10,204.17,204.88,203.44,203.9,21849714
2019-12-11,204.37,205.19,204.04,204.98,18897759
2019-12-12,204.77,207.32,204.491,206.51,32704625
2019-12-13,206.36,207.91,205.96,207.19,32534393
2019-12-16,208.5,209.53,208.48,209.27,21366177
2019-12-17,209.5,209.71,209.04,209.39,16034647
2019-12-18,209.6,210.13,209.33,209.55,15490828
2019-12-19,209.64,210.93,209.62,210.86,17892062
2019-12-20,211.81,212.5186,211.27,211.71,27690934
2019-12-23,212.03,212.15,211.63,211.81,23798671
2019-12-24,211.97,212.09,211.44,211.92,7089020
2019-12-26,212.26,213.81,212.23,213.79,17159310
2019-12-27,214.55,214.56,213.04,213.61,18142239
2019-12-30,213.51,213.63,211.16,212.21,21829913
2019-12-31,211.62,212.76,211.2,212.61,18201585
2020-01-02,214.4,216.16,213.98,216.16,31014904
2020-01-03,213.29,215.47,213.28,214.18,27532657
2020-01-06,212.49,215.59,212.24,215.56,21726989
2020-01-07,215.64,216.14,214.85,215.53,23120994
2020-01-08,215.47,218.14,215.16,217.15,26464212
2020-01-09,218.91,219.41,217.7125,218.99,23641291
2020-01-10,219.76,219.87,218.04,218.43,21914631
2020-01-13,219.31,220.98,218.98,220.95,22846102
2020-01-14,220.75,221.21,219.74,220.08,24573340
2020-01-15,220.18,221.2,219.45,220.17,25742084
2020-01-16,221.24,222.32,220.8,222.28,18804959
2020-01-17,223.24,223.56,222.1221,223.38,24325167
2020-01-21,222.73,223.84,222.66,223.28,21146264
2020-01-22,224.38,225.15,223.59,223.87,20736403
2020-01-23,223.71,224.69,222.7,224.59,26496113
2020-01-24,225.62,225.88,221.6701,222.7,37436483
2020-01-27,217.72,219.2845,217.18,218.1,42264418
2020-01-28,219.6,221.96,219.06,221.45,26731876
2020-01-29,222.66,222.93,220.83,221.81,29063128
2020-01-30,220.37,222.7,219.6891,222.6,39568093
2020-01-31,223.5,223.56,218.285,219.07,52015832
2020-02-03,220.14,222.885,219.99,222.38,25468307
2020-02-04,225.39,227.86,224.6523,227.47,30691211
2020-02-05,230.22,230.25,226.85,228.22,38534817
2020-02-06,228.77,230.25,227.98,230.19,22467077
2020-02-07,229.16,230.44,228.54,229.2,25884933
2020-02-10,228.43,231.98,228.38,231.97,21478925
2020-02-11,233.21,234.02,231.3999,232.01,30197983
2020-02-12,233.34,234.38,232.8,234.27,24471275
2020-02-13,232.62,234.93,232.36,233.97,22773159
2020-02-14,234.28,234.86,233.5501,234.64,23438530
2020-02-18,233.47,235.17,233.25,234.73,24521242
2020-02-19,236.07,237.47,235.85,236.98,22230464
2020-02-20,236.46,236.95,231.88,234.78,42604016
2020-02-21,233.64,234.01,229.3211,230.27,66058611
2020-02-24,221.84,224.25,220.26,221.39,84522551
2020-02-25,223.19,223.9879,214.74,215.37,97742982
2020-02-26,216.67,220.28,214.9,216.48,80400053
2020-02-27,211.05,216.4235,205.5,205.64,121822562
2020-02-28,198.92,207.17,198.17,205.8,149247073
2020-03-02,208.88,216.57,205.94,216.42,112933945
2020-03-03,217.11,219.61,207.62,209.48,131953546
2020-03-04,213.32,218.33,211.37,218.22,73086209
2020-03-05,212.69,216.36,210.1,211.59,78705458
2020-03-06,204.67,209.15,202.91,208.02,89828392
2020-03-09,193.48,201.16,192.11,193.57,116423986
2020-03-10,201.11,204.3,193.6802,204.11,100599233
2020-03-11,199.35,200.75,192.73,195.22,89168783
2020-03-12,182.09,190.78,176.94,177.32,137820698
2020-03-13,187.07,194.48,178.13,192.34,134881981
2020-03-16,174.15,184.68,169.16,169.3,92054386
2020-03-17,175.47,184.39,169.78,182.14,121257108
2020-03-18,171.605,179.22,166.8,176.6,114156320
2020-03-19,175.69,183.49,171.63,177.66,120896481
2020-03-20,181.74,182.87,170.1,170.7,118983891
2020-03-23,170.92,174.21,164.93,170.46,124639782
2020-03-24,179.91,183.83,177.95,183.66,94881785
2020-03-25,184.42,189.51,179.98,182.3,88754909
2020-03-26,183.87,192.72,183.61,191.9,79887564
2020-03-27,186.93,190.5149,184.66,185.3,58844975
2020-03-30,187.1,192.49,186.3406,192.04,49356936
2020-03-31,191.53,195.25,189.2,190.4,62659265
2020-04-01,184.81,187.66,180.86,182.31,53715375
2020-04-02,181.59,190.1,180.97,186.01,56465348
2020-04-03,185.5,187.0716,181.29,183.37,47487621
2020-04-06,190.38,197.65,189.19,196.48,64763518
2020-04-07,202.14,202.66,196,196.4,69904478
2020-04-08,198.0835,201.17,196.1733,200.57,45940439
2020-04-09,202.27,203.22,199.0281,200.86,68323929
2020-04-13,199.92,203.42,198.75,203.03,42853948
2020-04-14,207.17,212.5,206.42,211.86,63959563
2020-04-15,208.48,211.8338,207.12,209.43,47035953
2020-04-16,211.78,214.369,209.69,213.25,64657362
2020-04-17,215.96,216.51,212.0801,215.29,62863223
2020-04-20,213.27,215.88,212.57,212.74,38249128
2020-04-21,210.63,211.16,203.63,204.89,72932771
2020-04-22,209.14,212.35,208.33,210.97,40188772
2020-04-23,211.8,214.435,210.095,210.52,43278542
2020-04-24,210.94,214.3,209.5,213.84,34303365
2020-04-27,216.18,216.63,214.5,215.56,36451698
2020-04-28,217.27,217.32,211.21,211.5,46862816
2020-04-29,216.21,219.97,215.14,219,48716406
2020-04-30,220.01,220.04,217.35,218.91,43359476
2020-05-01,214.54,216.67,211.68,212.74,48794968
2020-05-04,211.61,215.45,211.12,215.22,32841020
2020-05-05,217.4,220.14,216.85,217.66,37783075
2020-05-06,219.37,221.04,218.11,219,36455218
2020-05-07,221.75,222.73,220.42,221.82,38624836
2020-05-08,223.55,225,222.48,224.86,31964416
2020-05-11,223.5,227.93,223.25,226.87,35714128
2020-05-12,227.48,228.095,222.09,222.12,41054123
2020-05-13,222.65,224.61,216.71,219.34,65521208
2020-05-14,218.12,221.87,215.99,221.83,51549345
2020-05-15,218.77,223.33,218.33,223.27,55747208
2020-05-18,226.28,228.68,225.47,227.43,42597551
2020-05-19,227.66,229.85,226.71,226.86,36237303
2020-05-20,229.48,231.76,229.48,231.39,37417000
2020-05-21,231.49,232.135,228.34,228.87,43642908
2020-05-22,228.46,229.87,227.5,229.66,28762389
2020-05-26,233.44,233.57,228.79,229.04,33055346
2020-05-27,228.51,230.41,223.94,230.29,55665565
2020-05-28,229.05,233.47,229.05,229.99,43008478
2020-05-29,230.43,233.6,228.76,233.36,50878596
2020-06-01,232.4,234.45,232,234.06,26140125
2020-06-02,234.42,235.69,232.01,235.63,33383415
2020-06-03,236.23,237.47,235.35,236.69,37228701
2020-06-04,236.32,237.79,233.68,235.03,38716097
2020-06-05,236.06,240.297,235.63,239.69,47365569
2020-06-08,239.54,241.68,237.91,241.55,32937305
2020-06-09,240.66,244.18,240.47,243.3,35046254
2020-06-10,245,247.815,244.51,246.22,58084410
2020-06-11,242.29,243.59,233.96,234.02,72919442
2020-06-12,239.09,240.4,231.74,235.88,72034787
2020-06-15,232.44,239.45,231.47,238.75,45307371
2020-06-16,243.78,244.39,239.1,242.85,48890095
2020-06-17,244.4,245.5,242.73,243.62,34749268
2020-06-18,243.29,244.53,242.49,244.28,30578648
2020-06-19,246.74,247,242.45,244.24,49422112
2020-06-22,243.77,246.87,243.38,246.74,24068676
2020-06-23,248.39,251.15,247.82,248.84,32767370
2020-06-24,247.99,249.325,242.16,243.71,46032376
2020-06-25,243.91,246.34,241.14,246.03,36940811
2020-06-26,245.75,245.96,239.68,240.22,52824554
2020-06-29,239.98,242.85,237.35,242.84,34377800
2020-06-30,242.77,248.16,242.58,247.6,38909219
2020-07-01,247.66,251.52,247.0802,250.49,34689213
2020-07-02,252.97,254.27,251.71,252.19,31956497
2020-07-06,255.46,258.928,255.43,258.39,34589049
2020-07-07,258.1,260.88,256.3,256.61,36578191
2020-07-08,258,260.02,256.5,259.99,30426273
2020-07-09,261.89,262.87,257.63,262.18,40312906
2020-07-10,262,264.23,259.26,263.97,32885298
2020-07-13,266.87,269.79,257.69,258.54,64108090
2020-07-14,256.07,260.79,252.76,260.37,72230512
2020-07-15,261.68,262.69,257.49,260.9,54523869
2020-07-16,257.97,259.78,255.62,259.12,47594111
2020-07-17,259.71,260.31,257.17,259.42,35137871
2020-07-20,260.12,267.43,258.79,266.78,40610128
2020-07-21,268.41,268.41,263.125,264,43442967
2020-07-22,264.46,265.89,262.55,264.93,29865519
2020-07-23,264.55,265.24,256.55,258.01,51363538
2020-07-24,254.12,256.93,251.32,255.56,54054536
2020-07-27,257.36,260.52,256.445,260.12,36445741
2020-07-28,259.33,259.85,256.51,256.81,31302390
2020-07-29,258.33,260.66,257.91,259.77,27556884
2020-07-30,257.78,261.71,256.55,261.13,41774456
2020-07-31,265.83,265.95,260.85,265.79,53756159
2020-08-03,268.05,270.15,267.87,269.38,32081566
2020-08-04,268.74,270.48,268.09,270.38,24911286
2020-08-05,270.83,271.52,269.96,271.05,21685921
2020-08-06,270.78,274.98,270.19,274.64,28048224
2020-08-07,274.04,274.8818,269.245,271.47,44969356
2020-08-10,271.74,271.98,266.67,270.31,35088373
2020-08-11,269.1,270.44,264.63,265.19,43104323
2020-08-12,267.37,272.84,267.37,271.86,38894272
2020-08-13,272.64,274.83,271.51,272.48,31895717
2020-08-14,273.01,273.4,270.72,272.16,30799494
2020-08-17,273.91,275.84,272.1978,275.32,24802966
2020-08-18,276.41,278.465,274.91,277.97,23529498
2020-08-19,277.93,279.02,275.57,276.1,31999359
2020-08-20,275.3,280.43,274.86,279.93,27723379
2020-08-21,280.07,282.34,279.461,281.87,34748934
2020-08-24,285.06,286,281.27,283.63,36418533
2020-08-25,282.78,286.06,282.37,285.86,34866586
2020-08-26,287.11,292.22,285.829,291.96,42216690
2020-08-27,293.08,293.851,288.705,291.05,49482715
2020-08-28,292.27,293.18,290.93,292.53,28021022
2020-08-31,293.16,296.745,292.62,294.88,36321027
2020-09-01,297.6,300.04,295.79,299.92,36395774
2020-09-02,303.26,303.5,296.89,302.76,50836767
2020-09-03,298.2,298.62,284.41,287.41,110083282
2020-09-04,285.76,288.93,271.8,283.58,123958978
2020-09-08,272.27,278.22,269.66,269.95,99568645
2020-09-09,275.54,280.045,273,277.88,64837872
2020-09-10,280.97,282.195,270.56,272.34,69667462
2020-09-11,274.33,275.22,266.9,270.45,71809014
2020-09-14,274.28,277.22,272.96,275.16,38525194
2020-09-15,278.9,280.45,275.1332,279.06,41849926
2020-09-16,279.77,280.36,274.25,274.61,42435626
2020-09-17,267.52,274.3955,266.68,270.32,81570844
2020-09-18,271.62,272.09,262.63,266.87,86251117
2020-09-21,262.52,267.65,260.11,267.51,57168570
2020-09-22,270.05,273.08,266.54,272.48,41128886
2020-09-23,272.15,272.34,263.2502,264.16,48837270
2020-09-24,261.58,268.7,261.22,265.39,70631704
2020-09-25,265.82,272.395,264.2999,271.56,55242376
2020-09-28,276.615,277.2,271.674,277.2,58438286
2020-09-29,276.72,277.71,275.3719,275.95,27178921
2020-09-30,276.09,281.09,275.8717,277.84,49380802
2020-10-01,281.79,282.8794,279.84,282.25,50020223
2020-10-02,276.01,282.2412,273.44,274.31,75497391
2020-10-05,276.34,280.49,276.23,280.16,28184581
2020-10-06,279.29,281.19,274.25,275.16,49704236
2020-10-07,277.83,280.74,277.28,279.92,27539663
2020-10-08,282.32,282.47,280.31,281.41,25443287
2020-10-09,283.09,285.79,282.71,285.71,30201144
2020-10-12,290.6,297.46,289.47,294.53,79370657
2020-10-13,296.34,297.0496,293.11,294.52,64240031
2020-10-14,295.32,296.35,290.26,292.06,37181227
2020-10-15,287.25,290.71,286.54,290.1,42514177
2020-10-16,291.8,293.269,288.15,288.51,40570702
2020-10-19,290.49,291.48,282.79,283.8,36756754
2020-10-20,284.56,287.62,282.95,284.41,32195361
2020-10-21,284.67,287.32,283.69,284.19,29306137
2020-10-22,285.05,285.98,280.82,284.18,32196162
2020-10-23,284.79,284.91,281.7818,284.74,24658542
2020-10-26,282.32,285.3,276.76,280.47,38421094
2020-10-27,281.42,283.505,280.2,282.66,30559123
2020-10-28,278.13,278.6401,271.38,271.64,53413523
2020-10-29,273.04,279.49,272.52,276.39,43246302
2020-10-30,274.375,275.24,267.07,269.38,65935893
2020-11-02,271.73,273.52,266.97,269.98,39987409
2020-11-03,271.86,276.82,270.84,274.65,43604145
2020-11-04,283.56,288.77,281.87,286.91,75728206
2020-11-05,293.41,295.39,292,294.39,52054186
2020-11-06,293.58,295.36,289.83,294.61,40959764
2020-11-09,297.31,299.14,288.12,288.59,86537071
2020-11-10,285.26,286.6599,280.62,283.42,69024878
2020-11-11,285.92,290.25,283.38,289.76,36102931
2020-11-12,290.72,292.074,287.25,288.4,34516826
2020-11-13,290.01,291.57,287.8701,290.93,24880582
2020-11-16,290.68,293.51,289.99,293.2,30168361
2020-11-17,293.4,293.74,291.61,292.27,21843463
2020-11-18,291.7,293.37,290.02,290.11,28069619
2020-11-19,289.48,292.7,288.85,292.38,22718422
2020-11-20,292.3,293.065,290.29,290.38,25907308
2020-11-23,291.41,292.75,288.07,290.39,26875588
2020-11-24,291.49,294.98,289.63,294.47,24516791
2020-11-25,295.44,296.94,294.59,296.28,23326826
2020-11-27,298.29,300.17,297.9,299.01,17163115
2020-11-30,299.3,299.97,294.78,299.62,27836232
2020-12-01,301.87,305.14,300.83,303.46,27642640
2020-12-02,302.22,304.195,300.35,303.85,23620003
2020-12-03,304.07,305.88,303.531,304.28,22828727
2020-12-04,304.33,305.67,303.63,305.52,19332081
2020-12-07,305.71,307.63,305.52,307.25,20850969
2020-12-08,306.76,308.6,304.95,308.29,18341464
2020-12-09,308.07,308.36,300.21,301.31,48839306
2020-12-10,299.21,303.68,298.09,302.52,27519544
2020-12-11,300.81,301.98,298.47,301.85,26760416
2020-12-14,303.08,306.05,303.01,304.04,28804832
2020-12-15,306.37,307.29,304.11,307.29,25790455
2020-12-16,307.7,309.785,306.621,308.98,25461890
2020-12-17,310.63,311.24,309.39,311,23730524
2020-12-18,311.66,311.98,307.61,310.06,41173392
2020-12-21,306.46,309.47,303.6,308.92,37095480
2020-12-22,309.85,310.7105,306.845,309.76,26378343
2020-12-23,309.81,310.18,308.035,308.2,21201280
2020-12-24,308.47,310.02,308.39,309.56,16784997
2020-12-28,312.25,313.17,310.36,312.68,22497745
2020-12-29,314.05,314.685,312.03,312.96,25871925
2020-12-30,314.16,314.49,312.33,312.97,18138071
2020-12-31,312.87,314.24,311.76,313.74,21611412
2021-01-04,315.11,315.29,305.18,309.31,45305898
2021-01-05,308.29,312.14,308.29,311.86,29323409
2021-01-06,307,311.88,305.98,307.54,52809622
2021-01-07,310.28,315.84,310.25,314.98,30394826
2021-01-08,317.34,319.39,315.0814,319.03,33955847
2021-01-11,315.98,317.19,313.75,314.42,32869095
2021-01-12,314.46,315.58,311.2,313.92,29266762
2021-01-13,314.19,316.86,313.57,316.04,22898417
2021-01-14,316.5,317.53,313.8616,314.35,23500129
2021-01-15,314.13,315.12,310.58,311.86,35118718
2021-01-19,314.25,316.93,313.12,316.41,24537049
2021-01-20,320.14,324.74,316.509,323.77,30728096
2021-01-21,325.15,327.13,323.73,326.36,25316935
2021-01-22,325.29,326.46,324.71,325.42,21609444
2021-01-25,328.91,330.32,321.41,328.11,39080644
2021-01-26,328.85,329.76,327.22,328.59,25498112
2021-01-27,326.26,326.27,317.36,319.43,55263985
2021-01-28,320.67,326.42,320.03,321.32,42836324
2021-01-29,319.58,320.7193,312.76,314.56,55259018
2021-02-01,318.11,323.54,316.02,322.42,35646008
2021-02-02,325.48,328.87,325.31,327.68,33930844
2021-02-03,329.82,330.195,326.32,326.38,24824518
2021-02-04,327.82,330.33,326.46,330.24,22350947
2021-02-05,331.22,332.4025,329.53,331.36,22731960
2021-02-08,333.1,333.74,331.41,333.58,20462812
2021-02-09,332.62,334.81,332.61,333.51,17597478
2021-02-10,334.99,335.46,329.5,332.75,28068700
2021-02-11,334.33,335,332.12,334.58,22046071
2021-02-12,333.71,336.62,332.63,336.45,20346819
2021-02-16,337.27,338.19,334.34,335.54,27080777
2021-02-17,332.47,335.657,330.17,333.93,31467456
2021-02-18,330.23,333.8661,328.36,332.47,32236240
2021-02-19,333.86,333.99,329.97,331.02,39157677
2021-02-22,326.5,327.8,322.23,322.44,47256944
2021-02-23,317,323.2,311,321.48,97241936
2021-02-24,318.74,324.45,315.96,324.13,58206272
2021-02-25,321.39,324.03,311.24,312.83,110182582
2021-02-26,315.85,319.11,310.88,314.14,104739841
2021-03-01,319.27,323.94,317.935,323.59,49164518
2021-03-02,324.25,324.33,318.14,318.4,48370034
2021-03-03,317.27,318.24,309.1,309.16,86301073
2021-03-04,308.78,312.04,300.11,304.1,139131582
2021-03-05,306.795,309.609,297.45,308.68,121523726
2021-03-08,308.12,310.06,299.51,299.94,88409781
2021-03-09,307.47,313.73,306.92,311.77,80391114
2021-03-10,316.16,316.47,310.17,310.88,76798065
2021-03-11,315.77,319.86,314.85,318.04,53484804
2021-03-12,313.86,318.2302,311.391,315.46,69315601
2021-03-15,315.79,319,314.095,318.83,43123176
2021-03-16,321.09,324.2,319.1,320.58,54925896
2021-03-17,317.45,323.85,315.68,321.9,78258729
2021-03-18,316.87,317.8801,311.57,312.04,82942269
2021-03-19,311.87,314.73,309.6601,313.14,78446204
2021-03-22,315.21,320.74,315.21,318.61,56194755
2021-03-23,319.73,321.09,316.375,317.22,53455411
2021-03-24,318.63,318.67,311.72,311.87,64803729
2021-03-25,309.968,312.885,307.3899,311.33,78729008
2021-03-26,311.11,316.33,309.67,316,63519634
2021-03-29,315.45,316.99,312.47,315.91,54607963
2021-03-30,313.89,314.91,311.54,314.32,44635676
2021-03-31,316.16,320.74,315.81,319.13,55032535
2021-04-01,323.07,324.71,322.81,324.57,55685602
2021-04-05,327.13,331.84,324.6375,331.05,42172475
2021-04-06,330.73,332.83,330.02,330.82,33537210
2021-04-07,330.33,332.48,329.37,331.62,32046381
2021-04-08,334.56,335.27,333.7399,335.08,29940799
2021-04-09,333.68,337.32,332.92,337.11,36664892
2021-04-12,336.04,337.1,334.73,336.67,25833013
2021-04-13,338.24,341.08,338.02,340.6,30374033
2021-04-14,340.85,340.98,335.67,336.51,42564337
2021-04-15,339.47,342.01,336.2153,341.61,36342821
2021-04-16,342.15,342.23,340.08,342.01,40860099
2021-04-19,340.39,341.58,336.9016,338.88,34533129
2021-04-20,338.2,339.52,334.3816,336.41,38081818
2021-04-21,335.09,339.48,333.97,339.29,36598082
2021-04-22,338.89,339.9,334.01,335.2,45936143
2021-04-23,335.85,340.767,335.85,339.42,36414916
2021-04-26,339.67,341.92,338.9,341.63,30811968
2021-04-27,341.93,342.15,339.17,340.15,33187183
2021-04-28,339.81,340.85,338.3301,339,33615696
2021-04-29,342.37,342.8,336.9001,340.22,37708884
2021-04-30,337.7,340.26,337.05,337.99,38263421
2021-05-03,339.23,340,335.73,336.19,29729730
2021-05-04,333.56,333.89,326.21,330.14,65146972
2021-05-05,332.25,333.14,328.23,329.03,46219307
2021-05-06,328.76,331.67,326.45,331.51,46814283
2021-05-07,334.37,336.65,331.6914,334.2,53324460
2021-05-10,332.78,332.96,325.55,325.76,60700462
2021-05-11,319.7,326.1299,319.02,325.31,71963612
2021-05-12,320.23,322.62,316,316.89,91164855
2021-05-13,319.92,322.4,316.9,319.34,69877765
2021-05-14,322.6,327.33,322.08,326.39,44370015
2021-05-17,324.63,326.3721,321.45,324.41,39394997
2021-05-18,325.39,326.65,321.94,322.22,36528454
2021-05-19,316.66,322.9,316.3,322.59,66319108
2021-05-20,324.12,329.71,323.89,328.83,46466135
2021-05-21,330.43,330.86,326.64,327.01,50330449
2021-05-24,329.37,333.67,326.9032,332.51,32475771
2021-05-25,334.07,334.81,331.755,332.97,31280314
2021-05-26,333.66,334.61,332.95,334.13,25444932
2021-05-27,333.67,334.54,332.67,332.88,27931747
2021-05-28,334.12,335.5699,333.6,333.93,29927449
2021-06-01,335.3,335.785,331.43,332.82,31145424
2021-06-02,333.25,334.34,331.695,333.47,22047940
2021-06-03,330.55,331.86,328.28,330,37057825
2021-06-04,331.85,336.0582,331.78,335.6,38736545
2021-06-07,335.05,336.66,334.34,336.6,32611852
2021-06-08,338.395,339.29,335.03,336.76,27282819
2021-06-09,338.17,338.97,336.651,336.84,21485319
2021-06-10,337.19,340.46,336.73,340.35,33702067
2021-06-11,340.36,341.25,339.69,341.24,21222830
2021-06-14,341.68,344.52,340.46,344.51,27827716
2021-06-15,344.15,344.47,341.52,342.26,35963780
2021-06-16,342.74,343.84,337.45,341.01,55399538
2021-06-17,339.97,346.38,339.92,345.34,59722700
2021-06-18,343.63,344.8082,341.86,342.63,55414862
2021-06-21,342.43,344.69,340.15,344.36,32992649
2021-06-22,344.15,348.03,343.84,347.57,28941626
2021-06-23,347.51,348.92,346.88,347.74,27188454
2021-06-24,349.73,351.46,349.17,349.89,32581605
2021-06-25,350.47,350.72,348.84,349.46,28682801
2021-06-28,350.78,353.85,350.72,353.71,39130305
2021-06-29,353.53,355.0199,352.67,354.99,29426039
2021-06-30,354.83,355.23,353.83,354.43,32723964
2021-07-01,354.07,355.09,352.68,354.57,29289978
2021-07-02,356.52,358.97,356.28,358.64,32727244
2021-07-06,359.26,360.48,356.49,360.19,38842397
2021-07-07,362.45,362.76,358.94,360.95,35265242
2021-07-08,355.74,359.65,354.42,358.77,50890021
2021-07-09,358.17,361.5,357.57,361.01,35184534
2021-07-12,362.45,362.89,360.83,362.42,25717677
2021-07-13,362.03,365.465,361.54,362.42,39723015
2021-07-14,364.83,365.49,362.22,363.07,35336350
2021-07-15,362.98,363.19,358.46,360.52,53391557
2021-07-16,361.4,362.41,357.24,357.6,47261961
2021-07-19,354.05,355.18,352.04,354.67,64404625
2021-07-20,355.63,360.28,353.8,358.79,42183702
2021-07-21,358.35,361.56,358.12,361.56,30259860
2021-07-22,361.77,363.96,361.77,363.95,30252240
2021-07-23,365.31,368.485,363.9157,368.2,31960799
2021-07-26,367.49,368.89,366.601,368.49,28438126
2021-07-27,368.22,368.22,360.16,364.43,57933148
2021-07-28,365.6,367.45,363.24,365.83,42066195
2021-07-29,365.25,367.6794,365.25,366.48,25672533
2021-07-30,362.44,365.17,362.41,364.57,36484649
2021-08-02,366.28,366.88,363.87,364.6,27334097
2021-08-03,365.28,366.93,362,366.81,35558511
2021-08-04,366.77,368.32,365.63,367.34,29602236
2021-08-05,368.18,369.91,367.45,369.67,21443925
2021-08-06,368.37,369.37,366.905,368.05,33332107
2021-08-09,368.52,369.27,367.39,368.73,25960245
2021-08-10,369.26,369.56,365.62,366.84,35130796
2021-08-11,368.14,368.65,364.84,366.21,34249812
2021-08-12,365.69,367.9,364.295,367.53,26003877
2021-08-13,367.89,369.16,367.38,368.82,19336190
2021-08-16,367.67,369.02,363.7,368.98,35044107
2021-08-17,366.15,367.15,363.23,365.73,44793902
2021-08-18,365.18,366.62,361.865,362.21,38541940
2021-08-19,360.22,365.68,359.96,363.96,48499368
2021-08-20,365.06,368.14,364.74,367.73,39486034
2021-08-23,368.8,373.935,368.79,373.23,34034744
2021-08-24,373.84,374.99,373.36,374.37,21732913
2021-08-25,374.63,375.39,373.855,374.8,20441880
2021-08-26,373.92,374.62,371.97,372.42,29133325
2021-08-27,373.07,376.56,372.57,376.04,27104749
2021-08-30,376.85,380.76,376.83,380.26,27295665
2021-08-31,380.51,380.579,378.36,379.95,29628175
2021-09-01,381.04,382.71,380.37,380.58,28138311
2021-09-02,381.97,382.31,379.15,380.4,25503535
2021-09-03,379.22,381.98,379.2003,381.57,24624937
2021-09-07,381.68,382.778,380.4882,382.11,23970203
2021-09-08,381.93,381.93,378.45,380.78,32949159
2021-09-09,381.01,382.15,379.22,379.47,29398978
2021-09-10,381.23,381.97,376.245,376.59,40249405
2021-09-13,378.99,379.43,374.22,376.33,48741781
2021-09-14,377.86,378.61,374.28,375.26,41826624
2021-09-15,375.73,378.41,373.37,378.05,34097865
2021-09-16,376.68,378.9,374.695,378.31,35193083
2021-09-17,377.82,377.87,372.76,373.83,60912267
2021-09-20,367.46,369.25,360.93,365.7,76203202
2021-09-21,367.58,368.81,364.99,366.15,41927483
2021-09-22,367.09,371.07,365.9584,369.57,46972920
2021-09-23,370.76,374.04,370.099,372.98,44652002
2021-09-24,370.65,373.76,370.27,373.33,36056800
2021-09-27,370.2,371.2516,367.73,370.35,43338079
2021-09-28,365.67,370.302,359.35,359.87,97701632
2021-09-29,361.17,363.37,358.635,359.28,58076621
2021-09-30,360.97,362.68,357.1,357.96,61384577
2021-10-01,358.6,361.25,354.38,360.18,56375488
2021-10-04,358.52,358.86,350.32,352.62,76766005
2021-10-05,353.71,359.69,353.48,357.38,47232904
2021-10-06,354.08,359.95,353.15,359.67,56806536
2021-10-07,362.8,365.69,362.25,362.97,39411172
2021-10-08,364.08,364.3166,360.61,361.16,41822309
2021-10-11,359.58,363.2,358.3,358.39,34847182
2021-10-12,359.88,360.33,356.48,357.14,43905101
2021-10-13,359.51,360.69,357.43,360,40120795
2021-10-14,363.69,366.85,363.01,366.63,43433867
2021-10-15,367.88,369.06,366.82,368.94,40419878
2021-10-18,367.61,372.87,366.99,372.65,34513514
2021-10-19,373.75,375.52,372.6974,375.47,29090963
2021-10-20,375.94,376.565,373.46,374.98,31390338
2021-10-21,374.16,377.47,373.85,377.27,25469277
2021-10-22,375.98,376.97,372.385,374.1,36275822
2021-10-25,375.56,378.87,373.56,377.93,32597804
2021-10-26,380.23,382.71,377.905,379.12,47191279
2021-10-27,379.58,383.15,379.31,380,45760496
2021-10-28,381.95,384.48,381.155,384.22,38007005
2021-10-29,381.06,386.28,380.7,386.11,37310116
2021-11-01,386.56,387.56,384.42,387.43,30765303
2021-11-02,386.8,389.54,386.75,389.05,25135292
2021-11-03,389.55,393.61,388.48,393.18,33748901
2021-11-04,394.48,399.2,393.92,398.22,40265313
2021-11-05,400.04,400.99,397.16,398.6,43383802
2021-11-08,398.57,399.62,397.4,398.06,29256270
2021-11-09,399.16,399.57,393.92,395.32,50490720
2021-11-10,392.47,395.36,387.53,389.51,54937385
2021-11-11,392.57,392.75,390.24,390.59,32242983
2021-11-12,391.77,395.25,390.13,394.7,34730564
2021-11-15,395.91,396.24,392.095,394.61,33716861
2021-11-16,393.86,397.93,393.66,397.42,27872940
2021-11-17,397.75,399.7196,396.64,397.63,28703263
2021-11-18,399.73,402.27,397.45,401.75,45721515
2021-11-19,403.43,405.3,402.58,403.99,45191721
2021-11-22,405.57,408.71,399.19,399.3,61715370
2021-11-23,398.11,400.23,392.92,397.48,70098736
2021-11-24,394.93,399.05,392.54,398.76,46954382
2021-11-26,396.11,397.54,389.77,391.2,51533314
2021-11-29,395.89,400.73,395.14,399.69,54447106
2021-11-30,398.78,401.19,391.75,393.82,81332693
2021-12-01,398.28,400.48,386.64,387.12,78379245
2021-12-02,385.8,391.74,384.34,389.91,84416623
2021-12-03,391.31,392.34,378.9,383.13,105349104
2021-12-06,383.63,387.6,379.3,386.2,67588801
2021-12-07,393.03,398.46,392.99,397.83,56005264
2021-12-08,398.17,399.82,396.22,399.61,39204041
2021-12-09,398.35,400.2,393.5299,393.73,49973714
2021-12-10,396.62,398.28,393.36,398.01,52545767
2021-12-13,398,398.325,391.88,392.26,50166410
2021-12-14,387.3,390.09,383.63,388.2,75199181
2021-12-15,387.94,397.4198,383.88,397.05,73858028
2021-12-16,398.04,398.475,385.21,386.84,82591368
2021-12-17,383.33,389.19,381.77,384.91,81642848
2021-12-20,379.565,381.5,377.47,380.69,65336827
2021-12-21,384.05,389.53,380.201,389.21,48899477
2021-12-22,388.91,394.16,388.23,393.95,37042200
2021-12-23,394.31,398.425,394.14,396.92,29595536
2021-12-27,398.25,403.48,398.2194,403.48,32820705
2021-12-28,404.4,404.58,400.71,401.61,33113728
2021-12-29,401.75,403.05,399.11,401.55,32248484
2021-12-30,401.33,403.5699,399.75,400.35,23850065
2021-12-31,399.66,401.0589,397.34,397.85,34752884
2022-01-03,399.05,401.94,396.88,401.68,40575854
2022-01-04,402.24,402.28,393.288,396.47,58027206
2022-01-05,394.74,395.89,384.03,384.29,75739847
2022-01-06,382.42,387.35,380.13,384.02,70814324
2022-01-07,384.03,385.76,378.04,379.86,72652304
2022-01-10,374.82,380.64,369.31,380.11,91770497
2022-01-11,379.355,385.9899,377.2182,385.82,68295698
2022-01-12,388.46,390.2,385.01,387.35,54576366
2022-01-13,388.77,389.47,376.7,377.66,77993962
2022-01-14,375.07,380.35,374.86,380.01,80121210
2022-01-18,374.04,376.22,369.7704,370.55,75812296
2022-01-19,372.15,374.69,366.21,366.48,81791482
2022-01-20,369.79,373.87,361.17,361.72,88610680
2022-01-21,359.47,362.18,351.4,351.69,143388920
2022-01-24,345.905,353.98,334.15,353.3,199448109
2022-01-25,346.67,351.0295,341.68,345.11,124398394
2022-01-26,352.91,356.88,340.78,344.57,146559524
2022-01-27,349.4,351.27,340.05,341.1,95255656
2022-01-28,343.03,352.02,337.95,351.8,108167897
2022-01-31,353.2,363.65,351.52,363.05,94326389
2022-02-01,364.43,366.19,359.14,365.52,74433023
2022-02-02,369.76,370.1,364.285,368.49,78777135
2022-02-03,358.53,361.93,352.46,353.55,95384771
2022-02-04,354.08,361.4,351.97,358.01,86318301
2022-02-07,358.62,361.05,353.84,355.13,58198087
2022-02-08,353.96,360.24,352.8,359.12,64720897
2022-02-09,363.76,366.81,362.12,366.73,55766422
2022-02-10,359.52,366.4885,356.54,358.43,112468483
2022-02-11,358.43,360.07,345.8,347.06,101569102
2022-02-14,346.49,350.98,343.89,347.49,80254439
2022-02-15,352.91,356.37,351.82,356.13,55390805
2022-02-16,353.82,357.0896,350.71,356.04,58947086
2022-02-17,352.74,353.46,345.02,345.45,61801353
2022-02-18,346.41,346.81,339.14,341.51,80001513
2022-02-22,338.49,344.04,334.35,338.08,85967095
2022-02-23,341.32,342.183,329.1,329.42,86215371
2022-02-24,318.84,341.04,318.26,340.49,130614053
2022-02-25,341.31,345.98,337.39,345.77,78842088
2022-02-28,342.51,348.54,341.32,346.8,77515544
2022-03-01,345.75,348.078,338.9,341.49,67407000
2022-03-02,343.08,348.59,340.24,347.22,70609015
2022-03-03,349.93,350.04,340.35,342.26,71089385
2022-03-04,339.84,341.31,334.92,337.3,77009763
2022-03-07,337.29,338.48,324.65,324.86,89933794
2022-03-08,324.05,333.21,319.94,323.35,116153921
2022-03-09,331.75,336.38,329.09,334.99,64723366
2022-03-10,330.82,332.51,326.71,331.27,69362714
2022-03-11,334.32,334.64,323.9,324.4,66228432
2022-03-14,323.13,326.59,317.45,318.17,79802606
2022-03-15,320.88,328.95,319.23,328.15,76470991
2022-03-16,332.17,340.44,328.401,340.32,105242954
2022-03-17,338.37,344.5,337.0406,344.44,67809951
2022-03-18,342.74,351.79,341.55,351.49,85446347
2022-03-21,350.2,352.48,345.575,350.08,73799072
2022-03-22,350.59,357.85,350.2,356.96,63345928
2022-03-23,354.01,357.66,351.77,351.83,70615457
2022-03-24,353.8,359.7,351.5939,359.65,53555251
2022-03-25,359.59,360.67,354.9438,359.35,57584158
2022-03-28,359.34,365.01,358.07,364.91,56833866
2022-03-29,368.9,371.83,366.06,371.19,68072955
2022-03-30,369.275,370.98,365.57,367.09,68757710
2022-03-31,367.24,367.6,361.68,362.54,67011405
2022-04-01,362.81,363.61,358.59,361.85,54527761
2022-04-04,362.71,369.31,362.44,369.3,45950171
2022-04-05,367.81,368.54,359.93,361.1,62738661
2022-04-06,355.65,356.78,350.56,353.26,90077072
2022-04-07,352.24,356.35,348.69,354.1,63777373
2022-04-08,352.32,353.09,348.5,349.15,61956094
2022-04-11,344.81,345.75,340.535,340.89,66107401
2022-04-12,345.76,347.69,338.035,339.45,72790215
2022-04-13,339.8,347.43,339.06,346.35,61367755
2022-04-14,346.44,346.97,338.21,338.43,73519367
2022-04-18,337.35,341.04,335.791,338.69,58560555
2022-04-19,338.03,346.85,336.98,346.26,56515684
2022-04-20,347.09,347.56,339.96,341.21,65500022
2022-04-21,345.19,347.87,333.2,334.15,75801008
2022-04-22,334.31,335.56,324.96,325.4,82562145
2022-04-25,323.73,329.9,322.43,329.58,101755856
2022-04-26,327.47,327.66,316.855,317.14,105819629
2022-04-27,317.24,322.88,315,316.76,111204164
2022-04-28,321.85,329.89,317.52,328.01,99449957
2022-04-29,323.7,327.225,312.6,313.25,91977859
2022-05-02,312.83,318.72,309.645,318.48,115511770
2022-05-03,318.5,321.17,315.98,318.82,78185527
2022-05-04,319.31,330.29,313.891,329.6,116083395
2022-05-05,325.17,325.25,309.62,313,154607447
2022-05-06,310.95,315.09,305.105,309.25,139572805
2022-05-09,303.48,309.3487,295.72,297.15,113387342
2022-05-10,304.51,305.76,296.57,300.76,124124550
2022-05-11,298.44,304.09,290.95,291.84,140326148
2022-05-12,287.45,295.75,284.94,291.15,120910850
2022-05-13,295.72,302.999,294.0825,301.94,83684931
2022-05-16,300.15,302.26,297.13,298.44,59190432
2022-05-17,304.45,306.56,300.55,306.17,62715293
2022-05-18,301.54,302.25,289.85,291.14,79477109
2022-05-19,289.29,294.39,287.58,289.58,79920709
2022-05-20,293.13,293.8,280.21,288.68,91764174
2022-05-23,289.75,293.87,287.29,293.48,63648400
2022-05-24,288.125,288.86,282.25,287.24,73491124
2022-05-25,285.71,293.39,285.5,291.26,67144548
2022-05-26,290.44,300.92,290.15,299.33,59462231
2022-05-27,302.54,309.25,302.42,309.1,66985596
2022-05-31,309.07,311.33,304.33,308.28,60968330
2022-06-01,310.47,312.65,303.73,306,65341653
2022-06-02,304.85,314.56,303.4001,314.38,59291333
2022-06-03,309.03,310.47,304.92,306.2,60914684
2022-06-06,310.75,312.35,305.62,307.22,51785013
2022-06-07,303.81,310.67,302.6886,309.87,44900292
2022-06-08,309.05,311.72,306.77,307.64,38342062
2022-06-09,305.91,309.05,299.23,299.4,55900475
2022-06-10,293.65,294.87,288.384,288.84,85963456
2022-06-13,279.75,282.34,274.53,275.41,94442009
2022-06-14,277.66,278.66,273.3375,275.91,64697521
2022-06-15,279.415,286.83,276.61,282.8,86051428
2022-06-16,275.59,276.06,269.28,271.39,81910297
2022-06-17,272.18,277.19,270.5119,274.69,82703402
2022-06-21,278.75,283.45,278.64,281.08,51633741
2022-06-22,278.52,285.18,277.91,280.67,67472924
2022-06-23,283.21,285.72,280.31,284.85,57457796
2022-06-24,287.74,295.04,287.5001,294.61,58422262
2022-06-27,296,296.5799,291.29,292.45,54151452
2022-06-28,293,295.65,283.35,283.54,61867060
2022-06-29,283.4,285.34,280.84,283.8,57302726
2022-06-30,280.75,283.9441,275.78,280.28,79313580
2022-07-01,278.95,282.53,277.03,282.13,56675107
2022-07-05,278.31,287.08,276.7501,286.96,61829272
2022-07-06,287.35,290.95,285.59,288.8,63194715
2022-07-07,289.63,295.7,289.63,294.98,56620114
2022-07-08,292.08,296.75,291.12,295.35,59895478
2022-07-11,292.88,293.11,288.14,289.04,55273920
2022-07-12,290.32,292.28,284.61,286.24,55797088
2022-07-13,280.6,288.05,280.02,285.65,73939418
2022-07-14,282.99,287.56,279.8,286.67,63741837
2022-07-15,289.73,291.98,288.08,291.87,63818149
2022-07-18,294.72,296.16,288.2,289.4,59519581
2022-07-19,293.11,298.6,291.47,298.3,55172640
2022-07-20,298.73,304.24,297.9329,303.03,67769430
2022-07-21,303.5,307.435,300.78,307.38,55049363
2022-07-22,306.43,308.55,300.115,301.99,57127715
2022-07-25,302.02,302.5,298.22,300.27,40582381
2022-07-26,298.53,298.79,293.54,294.37,50074122
2022-07-27,299.04,308.54,298.46,306.81,69304364
2022-07-28,306.59,310.3965,302.745,309.81,55139941
2022-07-29,311.385,316.39,309.931,315.46,57501043
2022-08-01,313.65,318.81,312.53,315.27,46358833
2022-08-02,312.92,318.545,311.8401,314.33,48676501
2022-08-03,316.05,323.7291,315.99,322.89,53735729
2022-08-04,322.97,324.72,320.77,324.4,38973659
2022-08-05,319.19,323.83,318.39,321.75,53893972
2022-08-08,322.69,326.47,319.21,320.71,44066297
2022-08-09,318.77,319.03,315.42,317.08,39764220
2022-08-10,324.59,326.23,322.0601,325.93,51459564
2022-08-11,328.305,330.36,323.36,324.08,45897650
2022-08-12,326.175,330.585,325.1001,330.39,40928379
2022-08-15,329.42,333.5652,329.4,333.06,38266614
2022-08-16,332.055,334.4209,329.16,332.28,41186864
2022-08-17,329.07,331.43,326.36,328.49,47842155
2022-08-18,328.44,330.49,326.79,329.28,41937172
2022-08-19,326.17,326.84,322.08,322.86,51770570
2022-08-22,318.5,318.74,313.53,314.36,51098890
2022-08-23,314.12,317,313.33,314.1,39497074
2022-08-24,313.61,316.87,312.99,315.01,38057059
2022-08-25,316.83,320.6,315.7577,320.58,38098255
2022-08-26,320.28,321.51,307.35,307.44,69047740
2022-08-29,304.62,307.22,303.28,304.41,48321851
2022-08-30,306.1,306.73,298.44,301.02,51184500
2022-08-31,303.99,304.91,299.16,299.27,50044041
2022-09-01,296.72,299.78,292.95,299.4,57990745
2022-09-02,302.34,303.75,293.52,295.17,64666839
2022-09-06,295.66,296.6,290.87,293.05,57005444
2022-09-07,293.54,299.99,293.27,298.97,49260381
2022-09-08,296.85,301.87,295.45,300.52,55649821
2022-09-09,302.83,307.6,300.5209,307.09,56125215
2022-09-12,308.5,311.08,308.18,310.74,45905737
2022-09-13,301.8,303.02,292.785,293.7,79562172
2022-09-14,294.865,296.93,293.06,296.03,54907198
2022-09-15,294.07,296.53,289.46,291.1,65299411
2022-09-16,287.72,289.72,285.62,289.32,79920391
2022-09-19,286.1,291.21,286.04,291.05,52613831
2022-09-20,288.49,291.07,286.38,288.73,51271117
2022-09-21,289.59,293.95,283.42,283.56,82930963
2022-09-22,282,283.03,278.815,280.07,62757073
2022-09-23,277.55,277.85,272.02,275.51,74815189
2022-09-26,275.03,279.49,273.56,274.37,71176694
2022-09-27,277.81,280.21,272.11,274.48,69780115
2022-09-28,274.46,281.25,272.945,279.94,79652140
2022-09-29,275.86,276.25,268.84,271.87,81215957
2022-09-30,271.03,275.19,267.1,267.26,78482378
2022-10-03,269.07,275.16,267.53,273.53,61267449
2022-10-04,278.99,282.85,278.99,282.13,66696931
2022-10-05,278.28,283.81,275.42,281.98,55766318
2022-10-06,280.96,284.18,279.43,279.76,53489411
2022-10-07,275.02,275.15,267.74,269.1,71354674
2022-10-10,269.3,269.7,263.64,266.41,60392990
2022-10-11,264.7,267.63,261.03,262.75,66522509
2022-10-12,263.4,265.36,261.95,262.66,50580179
2022-10-13,255.16,270.17,254.26,268.82,112894068
2022-10-14,271.2,271.81,260.14,260.74,77244302
2022-10-17,266.84,270.24,266.74,269.35,64576452
2022-10-18,276.53,277.21,268.74,271.48,69780995
2022-10-19,269.93,273.68,268.07,270.49,53115405
2022-10-20,269.58,274.84,267.92,269.11,60605496
2022-10-21,267.98,275.969,266.8236,275.42,77897694
2022-10-24,275.69,279.4,271.97,278.45,63963569
2022-10-25,279.41,284.6,277.9,284.21,59014494
2022-10-26,278.46,283.98,277.43,277.93,63898246
2022-10-27,276.79,278.2795,272.34,272.87,57760302
2022-10-28,272.23,281.698,272.06,281.22,62651312
2022-10-31,278.92,279.76,275.99,277.95,47741952
2022-11-01,281.495,282.07,274.74,275.11,45895897
2022-11-02,275.08,278.21,265.61,265.68,79803142
2022-11-03,263.01,264.5,260.1,260.49,70038903
2022-11-04,265.53,266.61,259.08,264.68,78313213
2022-11-07,265.75,268.14,263.57,267.59,47333828
2022-11-08,269.14,272.85,265.52,269.54,63213785
2022-11-09,267.76,268.56,263.03,263.32,64862129
2022-11-10,276.01,283.05,273.85,282.75,99256693
2022-11-11,282.56,288.64,281.19,287.96,66961751
2022-11-14,285.86,289.215,284.44,285.44,55080048
2022-11-15,292.21,293.26,285.97,289.39,73985372
2022-11-16,287.39,289.4838,284.6,285.44,48859804
2022-11-17,280.88,286.3189,280.72,284.81,55462076
2022-11-18,287.89,287.99,282.3211,284.82,53588631
2022-11-21,283.4,284.58,281.04,281.89,40083527
2022-11-22,282.64,286.11,280.46,285.95,41873444
2022-11-23,285.97,289.46,285.79,288.82,46389967
2022-11-25,287.19,287.91,286.42,286.92,15498797
2022-11-28,284.9,286.96,281.76,282.71,38877045
2022-11-29,282.94,283.35,279.17,280.57,35618878
2022-11-30,280.84,293.47,279.97,293.36,74718088
2022-12-01,293.69,295.75,290.88,293.72,51547332
2022-12-02,288.54,293.45,288.36,292.55,53583172
2022-12-05,290.38,291.68,286.15,287.64,41482121
2022-12-06,287.48,287.62,280.255,281.68,53937605
2022-12-07,280.47,282.57,278.7801,280.53,45614254
2022-12-08,281.91,284.84,279.79,283.85,42594913
2022-12-09,282.81,285.64,281.59,282.04,47860487
2022-12-12,282.22,285.64,281.16,285.58,35732518
2022-12-13,296.65,296.875,285.91,288.65,80667675
2022-12-14,288.05,291.41,283.19,286.51,64984432
2022-12-15,282.33,283.01,275.67,276.89,60554119
2022-12-16,276.2,277.77,272.61,274.25,68300351
2022-12-19,273.87,273.96,268.49,269.75,44167920
2022-12-20,268.56,271.32,266.95,269.54,51064199
2022-12-21,270.6,274.78,269.74,273.45,46394694
2022-12-22,270.38,270.5149,262.455,266.76,60278377
2022-12-23,265.47,268.04,263.53,267.36,39373584
2022-12-27,266.74,266.85,263.03,263.58,38009005
2022-12-28,263.17,265.47,259.73,260.1,47139043
2022-12-29,262.96,267.405,262.25,266.44,45893567
2022-12-30,263.62,266.41,262.29,266.28,37858277
2023-01-03,268.65,270.155,262.13,264.48,42335325
2023-01-04,266.64,267.45,262.53,265.74,47754861
2023-01-05,264.04,264.21,261.26,261.58,45396744
2023-01-06,263.35,269.94,260.34,268.8,54659739
2023-01-09,270.83,275.29,269.92,270.54,45568676
2023-01-10,269.49,272.94,268.97,272.83,35247763
2023-01-11,273.92,277.66,273.12,277.55,44077036
2023-01-12,278.12,280.1,273.74,279.05,60599953
2023-01-13,276.5,281.219,276.16,280.97,44802936
2023-01-17,280.77,282.85,279.581,281.54,36269738
2023-01-18,283.11,284.69,277.67,277.88,47754549
2023-01-19,276.22,277.375,273.89,275.15,44150436
2023-01-20,276.79,283.02,275.71,282.68,60613606
2023-01-23,283.54,290.21,282.73,288.96,52799905
2023-01-24,287.31,289.55,286.78,288.37,44875146
2023-01-25,283.77,288.36,281.18,287.73,50872022
2023-01-26,291.22,293.52,288.519,293.34,51596335
2023-01-27,292,298.26,291.88,296.26,56441939
2023-01-30,292.93,294.38,289.89,290.27,49405833
2023-01-31,290.31,294.72,290.2,294.62,46705106
2023-02-01,294.41,303.43,292.3,300.92,67562173
2023-02-02,307.57,313.68,306.73,311.72,83070628
2023-02-03,304.94,312.39,304.54,306.18,76170804
2023-02-06,303.51,305.91,302.22,303.59,40802348
2023-02-07,303.46,311.03,302.32,309.88,67583981
2023-02-08,308.54,309.5,303.67,304.37,56720860
2023-02-09,308.84,308.99,300.2,301.68,49137818
2023-02-10,299.48,301.57,297.25,299.7,50050104
2023-02-13,301.13,305.1,299.93,304.5,39636720
2023-02-14,302.89,307.72,300.91,306.75,64079057
2023-02-15,304.9,309.27,304.2,309.1,43427298
2023-02-16,304.38,308.43,303.15,303.3,59498630
2023-02-17,301.07,301.93,298.1,301.16,58230729
2023-02-21,297.26,298.73,293.89,294.03,46526708
2023-02-22,294.62,296.3599,292.56,294.25,51389237
2023-02-23,297.97,298.13,292.55,296.82,69294443
2023-02-24,291.76,292.97,290.05,291.85,74331958
2023-02-27,295.07,296.49,293.34,293.94,48995009
2023-02-28,293.3,296.124,292.96,293.56,48243141
2023-03-01,293.26,293.93,290.2,291.2,58286972
2023-03-02,288.66,294.43,288.37,293.61,53738557
2023-03-03,295.39,299.92,294.87,299.68,60511540
2023-03-06,300.94,304,299.82,300.02,56736294
2023-03-07,300.07,301.01,295.72,296.34,65955756
2023-03-08,296.77,298.43,294.88,297.82,50876265
2023-03-09,298.33,300.98,291.8299,292.66,71456691
2023-03-10,292.83,294.35,287.38,288.55,98593561
2023-03-13,286.73,294.47,285.19,290.69,97123603
2023-03-14,294.31,297.93,293.45,297.37,73602545
2023-03-15,294.71,299.27,293.24,298.93,83631535
2023-03-16,298,307.18,297.19,306.81,98556824
2023-03-17,306.72,309.15,303.37,305.36,89923732
2023-03-20,304.26,306.3,302.01,305.97,56359491
2023-03-21,307.94,310.8,306.395,310.34,49757048
2023-03-22,310.27,315.25,305.95,306.12,75791914
2023-03-23,309.92,314.15,307.01,309.75,74575981
2023-03-24,309.32,310.99,306.95,310.89,57245803
2023-03-27,311.6,312.7,307.89,308.76,50287407
2023-03-28,308.17,308.2,304.774,307.12,48585917
2023-03-29,310.88,313.35,310.05,312.72,53274266
2023-03-30,315.24,316.32,312.8088,315.68,58354808
2023-03-31,315.91,321.17,315.6,320.93,62138097
2023-04-03,318.77,320.42,317.4201,320.15,47126839
2023-04-04,320.6,321.63,317.8251,319.07,45875384
2023-04-05,318.1,319.06,314.07,315.92,62795706
2023-04-06,314.24,318.55,312.82,318.05,46916496
2023-04-10,315.07,317.92,313.25,317.87,45134736
2023-04-11,317.83,317.89,315.31,315.83,40113594
2023-04-12,317.82,318.42,312.565,313.04,62813305
2023-04-13,314.83,319.65,313.63,319.17,54613792
2023-04-14,317.59,320.36,315.61,318.57,56278284
2023-04-17,318.15,319.1999,316.04,318.84,43007023
2023-04-18,320.99,321.42,317.64,318.86,46746940
2023-04-19,316.41,319.79,316.28,318.71,38960127
2023-04-20,315.69,319.27,314.97,316.28,62462142
2023-04-21,315.91,317.4,314.1,316.61,59002285
2023-04-24,316.38,317.7391,313.74,315.95,44043063
2023-04-25,314.29,314.97,309.89,309.99,57121644
2023-04-26,313.44,314.935,311.34,311.87,55400496
2023-04-27,315.7,320.86,315.05,320.35,65430392
2023-04-28,320.11,322.65,318.96,322.56,59712635
2023-05-01,322.09,323.63,321.09,322.19,41013386
2023-05-02,322.12,322.45,317.61,319.38,56519407
2023-05-03,319.75,322.47,317.18,317.29,59882070
2023-05-04,317.06,318.23,315.115,316.17,50224520
2023-05-05,318.47,323.76,316.2116,322.89,51806098
2023-05-08,322.42,324.04,321.315,323.69,36465796
2023-05-09,322,322.88,321.32,321.64,31768800
2023-05-10,324.12,326.01,321.6,325.14,60446623
2023-05-11,325.7,326.75,324.12,326.2,44278548
2023-05-12,326.74,327.17,322.94,325.03,48432836
2023-05-15,325.51,327.03,323.96,326.79,33375559
2023-05-16,326.06,328.9025,326.02,327.16,40019151
2023-05-17,328.24,331.71,327.04,331.12,47486124
2023-05-18,331.52,337.49,331.5,337.27,64213466
2023-05-19,337.49,338.205,335.43,336.51,61554926
2023-05-22,336.25,338.67,336.24,337.64,43015948
2023-05-23,335.89,337.06,333,333.36,48216663
2023-05-24,331.37,332.905,329.56,331.65,62891169
2023-05-25,339.14,341.01,336.665,339.72,66862773
2023-05-26,340.76,349.245,340.66,348.4,63006952
2023-05-30,352.71,353.93,348.53,349.98,72652156
2023-05-31,348.37,350.6,346.51,347.99,65105378
2023-06-01,347.73,353.36,346.66,352.01,50488601
2023-06-02,353.8,355.83,352.01,354.65,53372113
2023-06-05,354.43,357.495,353.85,354.9,47266228
2023-06-06,354.28,355.82,352.93,354.84,41390400
2023-06-07,355.13,357.12,348.18,348.82,69225936
2023-06-08,349.12,353.62,348.89,353.15,47153922
2023-06-09,354.63,357.66,353.03,354.5,53196927
2023-06-12,356.19,360.59,355.2,360.49,44817646
2023-06-13,363.29,364.11,360.03,363.26,57097804
2023-06-14,363.27,366.19,360.42,365.9,69525642
2023-06-15,364.61,371.77,363.98,370.26,71138823
2023-06-16,372.72,372.85,367.48,367.93,80931971
2023-06-20,365.95,368.32,363.8899,366.9,49204722
2023-06-21,365.74,366.18,360.96,361.9,53378256
2023-06-22,360.63,366.33,360.22,366.17,47603043
2023-06-23,362.21,364.88,360.8227,362.54,48922911
2023-06-26,362,364.84,357.59,357.68,52685478
2023-06-27,359.25,364.57,358.51,363.83,49428091
2023-06-28,361.98,366.52,361.9038,364.54,46498031
2023-06-29,364.24,364.89,362.14,363.81,46150967
2023-06-30,367.55,370.49,367.23,369.42,58712501
2023-07-03,370.07,370.93,368.97,370.29,19432862
2023-07-05,368.695,372.01,368.66,370.28,34460883
2023-07-06,366.51,367.91,364.52,367.46,49374728
2023-07-07,367.23,370.48,366.01,366.24,47133749
2023-07-10,365.96,367.05,363.41,366.36,48498800
2023-07-11,366.79,368.632,364.62,368.17,38214146
2023-07-12,372.34,374.19,370.3,372.82,61703696
2023-07-13,376.05,379.99,375.46,379.15,46960012
2023-07-14,379.585,382.86,378.18,379.07,55148500
2023-07-17,379.8,383.5,379.31,382.61,40868915
2023-07-18,381.96,387.13,380,385.74,55343438
2023-07-19,386.82,387.98,384.3,385.65,54092958
2023-07-20,382.61,384.095,375.72,376.76,71941674
2023-07-21,379.18,379.92,375.191,375.63,60499643
2023-07-24,376.62,377.58,374.34,376.23,40380056
2023-07-25,376.95,380.47,376.93,378.78,38894384
2023-07-26,377.72,379.24,375.18,377.52,47075710
2023-07-27,383.07,384.71,375.31,376.62,63940225
2023-07-28,380.74,384.52,380.22,383.48,56902926
2023-07-31,383.79,384.88,382.34,383.68,44019905
2023-08-01,382.31,383.56,380.69,382.79,41308457
2023-08-02,379.26,379.26,373.13,374.39,72687107
2023-08-03,371.94,375.95,371.77,373.79,47855381
2023-08-04,375.75,378.1,371.53,372.04,61702759
2023-08-07,373.88,375.29,371.51,375.19,37230444
2023-08-08,372.64,372.66,368.82,372,44726453
2023-08-09,372.29,372.45,367.14,367.91,51150900
2023-08-10,370.97,374.36,367.035,368.59,72035265
2023-08-11,365.99,368,364.69,366.24,48707187
2023-08-14,365.43,370.47,364.7,370.35,42130802
2023-08-15,369.36,370.169,365.74,366.42,45539891
2023-08-16,365.87,367.43,362.44,362.54,53190525
2023-08-17,363.96,364.31,358.16,358.58,62604338
2023-08-18,355.26,359.41,354.71,358.13,61191389
2023-08-21,359.62,364.59,359.15,363.9,50696518
2023-08-22,366.55,366.56,362.68,363.38,44613509
2023-08-23,364.58,370.22,364.36,369.11,51770603
2023-08-24,372.64,372.74,361.01,361.22,66842491
2023-08-25,362.07,365.74,358.58,364.02,69960465
2023-08-28,366.99,367.71,364.25,366.76,40910019
2023-08-29,366.56,375.13,366.231,374.77,58492371
2023-08-30,374.88,377.4467,373.86,376.86,41731511
2023-08-31,376.94,379.719,376.87,377.99,35730701
2023-09-01,380.4,380.83,376.0801,377.59,39801177
2023-09-05,376.77,379.3093,375.83,378.07,32344222
2023-09-06,377.28,377.63,372.7,374.74,42998735
2023-09-07,370.21,372.85,369.15,372.06,52060716
2023-09-08,372.01,374.85,371.6,372.58,35847359
2023-09-11,375.66,377.49,373.66,376.97,39936634
2023-09-12,375.27,376.9517,372.5,372.79,41391024
2023-09-13,373.03,375.84,371.88,374.21,46300677
2023-09-14,375.99,378.27,373.89,377.27,48039388
2023-09-15,375.91,376.32,369.86,370.81,69811206
2023-09-18,369.32,371.79,369.03,370.66,36903545
2023-09-19,369.32,370.6826,366.8,369.87,37621734
2023-09-20,370.95,371.31,364.46,364.54,45514189
2023-09-21,360.8,361.6,357.69,357.86,69734845
2023-09-22,359.63,361.8,357.59,357.91,51589689
2023-09-25,356.93,359.7,355.93,359.61,39167985
2023-09-26,356.99,357.54,353.2101,354.21,53657748
2023-09-27,355.38,356.98,351.36,355.04,56065972
2023-09-28,354.11,360.17,353.24,358.01,56453312
2023-09-29,361.54,362.95,357.02,358.27,64829616
2023-10-02,358.54,362.68,357.92,361.26,51625054
2023-10-03,358.78,361.01,353.275,354.92,60478489
2023-10-04,355.77,360.61,355.3,359.75,54786686
2023-10-05,359.74,360.15,355.14,358.69,45897390
2023-10-06,355.65,365.91,354.85,364.7,75049119
2023-10-09,362.3,367.11,360.78,366.56,45304766
2023-10-10,366.9,371.28,366.39,368.59,46968806
2023-10-11,369.94,371.412,368.19,371.22,38215088
2023-10-12,371.73,373.74,367.5,369.93,49587942
2023-10-13,370.57,371.16,363.86,365.28,52519876
2023-10-16,366.62,370.48,366.47,369.41,44201059
2023-10-17,365.81,369.92,363.66,368.2,50999102
2023-10-18,365.67,367.91,362.02,363.37,54280490
2023-10-19,364.81,366.02,359.16,359.97,72274238
2023-10-20,359.46,360.04,354.37,354.6,72559723
2023-10-23,353.26,359.26,351.1199,355.67,60665185
2023-10-24,357.51,359.91,355.79,359.13,47082078
2023-10-25,356.7,356.88,349.75,350.34,71190536
2023-10-26,349.12,350.07,342.35,343.66,78621425
2023-10-27,346.43,348.84,344.08,345.31,63476707
2023-10-30,347.83,350.54,346.45,349.2,55298536
2023-10-31,349.23,351.25,346.62,350.87,47671906
2023-11-01,351.72,357.5298,351.62,356.96,58992666
2023-11-02,361.54,363.68,360.3,363.44,58162442
2023-11-03,364.75,369.02,364.52,367.71,53280457
2023-11-06,368.49,369.78,366.91,369.21,38848743
2023-11-07,370.27,373.58,369.045,372.7,50777398
2023-11-08,373.08,373.79,370.62,372.94,35663373
2023-11-09,373.64,374.8,369.57,370.07,53859421
2023-11-10,371.82,378.54,371.28,378.39,58368439
2023-11-13,376.79,378.28,375.24,377.21,40733505
2023-11-14,383.71,386.26,383.18,385.33,67792634
2023-11-15,387.25,387.75,384.235,385.62,54141385
2023-11-16,384.84,386.19,383.56,385.95,45343544
2023-11-17,385.21,387.07,384.29,386.04,46622745
2023-11-20,386.05,391.41,386.05,390.74,44536669
2023-11-21,389.01,389.23,386.7,388.47,43336989
2023-11-22,390.57,393.07,389.04,390.06,44178572
2023-11-24,389.65,390.25,388.5,389.51,15718832
2023-11-27,389.01,391.1499,388.28,389.17,34139656
2023-11-28,388.41,390.78,388.05,390.19,35491123
2023-11-29,392.69,394.14,389.46,389.81,38811745
2023-11-30,390.08,390.55,385.82,388.83,52834381
2023-12-01,387.75,390.54,386.0726,389.94,40490068
2023-12-04,386.09,386.595,382.66,386.32,51186944
2023-12-05,384.39,388.5,384.21,387.29,42932956
2023-12-06,390.27,390.37,384.7,385.05,41994072
2023-12-07,388.07,391.27,386.96,390.43,49593545
2023-12-08,388.67,392.62,388.4801,392.17,46687525
2023-12-11,391.74,395.79,391.53,395.52,41198021
2023-12-12,395.56,398.79,394.41,398.67,39221152
2023-12-13,399.62,404.36,398.8399,403.74,55408129
2023-12-14,404.98,406.3,400.34,403.39,55447808
2023-12-15,404.18,406.5399,403.57,405.34,62896645
2023-12-18,404.93,407.99,404.6,407.08,46609985
2023-12-19,407.54,409.28,407.345,409.16,35711855
2023-12-20,408.35,410.4699,402.9,403.08,54042443
2023-12-21,407.06,408.14,404.47,407.77,45568914
2023-12-22,409,409.97,406.4787,408.38,34314003
2023-12-26,409.25,411.56,409.15,410.88,22722545
2023-12-27,410.95,411.7875,410.08,411.5,31980481
2023-12-28,412.67,412.92,410.94,411.3,27029152
2023-12-29,411.28,411.64,407.58,409.52,42662120
2024-01-02,405.84,406.09,400.24,402.59,58026946
2024-01-03,399.93,401,397.89,398.33,47002803
2024-01-04,396.44,399.59,396.06,396.28,39432797
2024-01-05,396.45,399.56,395.34,396.75,44922810
2024-01-08,397.99,405.24,397.8399,404.95,42473796
2024-01-09,401.91,406.69,401.71,405.75,39132860
2024-01-10,406.07,409.515,405.17,408.5,33962774
2024-01-11,409.79,411.2004,404.242,409.35,54536198
2024-01-12,410.4,411.25,408.15,409.56,39594952
2024-01-16,408.31,411.12,406.83,409.52,43903027
2024-01-17,406.17,407.585,402.92,407.21,54385974
2024-01-18,410.52,413.575,409.1601,412.99,59562505
2024-01-19,415.22,421.34,414.625,421.18,70325123
2024-01-22,423.41,424.7275,421.12,421.73,44880639
2024-01-23,422.43,423.7,420.57,423.48,33003806
2024-01-24,427.44,429.85,425.33,425.83,46948016
2024-01-25,428.36,429.04,423.98,426.35,44367205
2024-01-26,424.44,426.21,423.15,423.81,37137028
2024-01-29,424.27,428.35,423.61,428.15,38694724
2024-01-30,427.1,427.68,424.38,425.3,36738956
2024-01-31,420.85,422.8699,416.79,416.97,64010649
2024-02-01,418.79,422.375,417.81,421.88,51008622
2024-02-02,423.8,430.24,422.79,429.01,59602435
2024-02-05,429.07,429.61,425,428.45,39889209
2024-02-06,429.61,430.22,425.22,427.59,35846134
2024-02-07,430.41,432.83,429.09,431.99,37712661
2024-02-08,432.11,433.56,431.42,432.79,29889892
2024-02-09,433.94,437.845,433.1401,437.05,36943905
2024-02-12,436.94,439.14,434.65,435.34,33203305
2024-02-13,427.28,431.27,425.3305,428.55,64491669
2024-02-14,431.26,433.65,428.8799,433.22,45092722
2024-02-15,433.92,434.98,431.33,434.51,38796137
2024-02-16,434.89,434.99,429.85,430.57,53716475
2024-02-20,428.55,430.08,423.5,427.32,53999452
2024-02-21,424.55,425.7,421.63,425.61,50179697
2024-02-22,434.49,439.12,433.71,438.07,53887751
2024-02-23,439.65,440.59,435.79,436.78,39853861
2024-02-26,437.6,438.6,436.355,436.55,33043238
2024-02-27,437.67,437.99,435.025,437.6,33713220
2024-02-28,435.43,436.67,434.3,435.27,32938821
2024-02-29,438.23,440.09,435.02,439,42495152
2024-03-01,439.9,446.58,439.84,445.61,43853029
2024-03-04,445.61,446.04,443.77,444.02,34325687
2024-03-05,440.94,440.95,433.65,436.05,57917135
2024-03-06,440.32,441.99,436.89,438.79,46234460
2024-03-07,442.42,446.72,440.86,445.45,44526666
2024-03-08,445.81,448.64,438.34,439.02,72095957
2024-03-11,437.51,438.66,435.44,437.39,45859992
2024-03-12,439.73,444.02,436.46,443.66,55300909
2024-03-13,442.65,442.67,439.12,440.25,37928691
2024-03-14,441.5,442.03,436.39,439.14,52195208
2024-03-15,436.07,438.8733,432.7417,433.92,73069824
2024-03-18,438.73,441.04,437.24,437.48,47323802
2024-03-19,435.45,438.98,433.33,438.57,43004105
2024-03-20,439.78,444.11,438.06,443.77,43653490
2024-03-21,448.88,449.34,445.67,445.87,39345652
2024-03-22,445.35,447.49,444.49,446.38,28253899
2024-03-25,443.55,446.26,442.54,444.76,27789154
2024-03-26,446.3,447.225,443.09,443.32,34142043
2024-03-27,446.44,446.54,441.93,444.83,41359240
2024-03-28,444.78,445.64,443.65,444.01,36839641
2024-04-01,444.97,447.53,443.02,444.95,38728951
2024-04-02,440.08,441.43,438.03,441.11,44259665
2024-04-03,438.96,444,438.95,442.1,39949750
2024-04-04,446.33,446.95,435.11,435.34,57267660
2024-04-05,436.78,443.17,435.96,440.47,54744634
2024-04-08,441.41,442.5,439.2,440.6,28144944
2024-04-09,442.96,443.24,437.44,442.23,39521568
2024-04-10,437,439.24,436.28,438.37,61502191
2024-04-11,440.26,446.33,437.96,445.37,45474550
2024-04-12,441.1,442.24,436.88,438.27,53664995
2024-04-15,442.06,442.15,430.21,431.06,63453622
2024-04-16,430.9,433.76,429.7,431.1,47618961
2024-04-17,433.1,433.12,424.9,425.84,56880536
2024-04-18,426.49,428.24,422.83,423.41,46549363
2024-04-19,422.22,422.75,413.07,414.65,75230990
2024-04-22,417.31,421.18,413.94,418.82,47807663
2024-04-23,420.77,426.28,418.8715,425.07,44384741
2024-04-24,428.2,429.73,424.2,426.51,48405226
2024-04-25,419.24,425.32,418.14,424.45,57360968
2024-04-26,427.62,432.55,426.92,431,41859388